last_name, first_name,year,xba,xslg,xwoba,xobp,xiso,exit_velocity_avg,launch_angle_avg,barrel_batted_rate,
Beltran, Carlos,2017,.242,.384,.298,.296,.138,87.3,13.3,4.6,
Pujols, Albert,2017,.261,.450,.323,.305,.182,88.7,13.4,5.4,
Mauer, Joe,2017,.307,.476,.375,.385,.162,90.2,5.6,4.5,
Cabrera, Miguel,2017,.282,.528,.378,.359,.242,91.3,12.2,10.5,
Phillips, Brandon,2017,.273,.389,.307,.309,.109,84.5,8.0,2.4,
Reyes, Jose,2017,.242,.355,.297,.313,.108,83.5,14.6,2.6,
Choo, Shin-Soo,2017,.276,.485,.375,.373,.204,88.0,7.2,8.6,
Molina, Yadier,2017,.273,.470,.338,.315,.191,87.8,14.5,5.9,
Cano, Robinson,2017,.298,.499,.366,.355,.193,90.3,7.4,6.3,
Encarnacion, Edwin,2017,.266,.535,.393,.386,.264,89.2,16.7,10.6,
Bautista, Jose,2017,.212,.384,.309,.317,.169,88.3,16.9,6.6,
Jones, Adam,2017,.269,.445,.324,.307,.172,86.5,11.6,6.4,
Granderson, Curtis,2017,.225,.457,.344,.336,.227,87.5,20.2,10.9,
Ramirez, Hanley,2017,.269,.492,.355,.344,.217,88.4,12.5,9.5,
Morales, Kendrys,2017,.269,.513,.357,.326,.238,91.1,9.5,10.0,
Kinsler, Ian,2017,.258,.438,.336,.333,.176,86.2,19.3,4.9,
Cruz, Nelson,2017,.293,.599,.411,.382,.301,93.2,12.4,14.2,
Trumbo, Mark,2017,.236,.399,.301,.290,.159,89.6,12.6,7.1,
Peralta, David,2017,.267,.403,.322,.328,.131,88.0,4.2,4.1,
Escobar, Alcides,2017,.257,.360,.280,.278,.099,83.1,12.7,2.2,
Longoria, Evan,2017,.249,.417,.315,.306,.162,86.7,12.7,5.2,
Cozart, Zack,2017,.256,.406,.336,.350,.145,85.8,14.7,4.4,
Reynolds, Mark,2017,.221,.422,.321,.312,.195,87.1,11.9,8.3,
Davis, Chris,2017,.222,.450,.332,.318,.226,89.9,14.8,12.8,
Headley, Chase,2017,.256,.401,.327,.338,.139,86.7,11.3,4.6,
Pence, Hunter,2017,.269,.438,.331,.326,.163,89.0,4.4,5.8,
Span, Denard,2017,.283,.412,.331,.340,.123,84.6,10.3,3.3,
Cabrera, Asdrubal,2017,.264,.437,.338,.338,.167,86.7,11.3,4.7,
Blackmon, Charlie,2017,.291,.524,.378,.364,.228,86.9,12.8,8.7,
Frazier, Todd,2017,.239,.464,.363,.367,.221,87.5,20.3,9.6,
Markakis, Nick,2017,.269,.390,.327,.349,.114,88.3,8.6,3.3,
Cain, Lorenzo,2017,.313,.443,.358,.376,.126,89.1,10.1,3.5,
McCutchen, Andrew,2017,.291,.493,.371,.374,.198,88.4,14.2,7.7,
Upton, Justin,2017,.255,.508,.364,.345,.250,88.7,15.7,13.2,
Turner, Justin,2017,.304,.555,.407,.401,.248,89.3,18.3,8.6,
Posey, Buster,2017,.282,.452,.355,.369,.164,88.7,11.6,3.5,
Bruce, Jay,2017,.264,.514,.364,.334,.246,88.4,18.2,10.7,
Votto, Joey,2017,.304,.569,.427,.443,.259,87.6,14.0,9.1,
Gardner, Brett,2017,.278,.416,.344,.363,.132,85.4,9.2,3.8,
Joyce, Matt,2017,.253,.480,.358,.347,.224,88.1,15.2,8.8,
Gordon, Alex,2017,.225,.365,.300,.311,.136,85.8,13.2,4.5,
Andrus, Elvis,2017,.265,.412,.315,.308,.139,86.4,7.5,4.2,
Cabrera, Melky,2017,.302,.439,.341,.342,.130,88.2,8.7,3.8,
Santana, Carlos,2017,.266,.472,.364,.370,.201,88.4,12.7,7.5,
Gonzalez, Carlos,2017,.242,.377,.313,.325,.130,87.4,6.1,5.9,
Mercer, Jordy,2017,.264,.389,.311,.334,.119,85.7,9.2,3.1,
Alonso, Yonder,2017,.261,.503,.370,.360,.238,89.2,19.4,9.9,
Smoak, Justin,2017,.275,.572,.393,.360,.292,89.7,17.0,13.6,
Zimmerman, Ryan,2017,.295,.570,.388,.350,.271,91.4,8.5,12.7,
Lowrie, Jed,2017,.290,.487,.372,.371,.193,88.8,18.6,6.0,
Morrison, Logan,2017,.255,.513,.372,.362,.256,88.6,17.6,12.8,
Gurriel, Yuli,2017,.287,.442,.333,.323,.150,89.8,10.3,3.4,
Solarte, Yangervis,2017,.248,.391,.307,.310,.135,85.5,14.5,3.9,
Freese, David,2017,.257,.400,.344,.367,.137,89.0,3.0,6.4,
Davis, Khris,2017,.266,.586,.395,.355,.316,92.2,14.2,17.7,
Pham, Tommy,2017,.293,.497,.390,.401,.198,89.2,6.5,9.3,
Reddick, Josh,2017,.296,.448,.348,.351,.149,87.2,17.5,3.8,
Murphy, Daniel,2017,.301,.498,.367,.366,.192,89.6,17.3,4.8,
Goldschmidt, Paul,2017,.288,.567,.404,.397,.273,91.4,11.6,13.3,
Gonzalez, Marwin,2017,.258,.424,.333,.339,.160,87.5,10.9,6.6,
Altuve, Jose,2017,.303,.494,.376,.373,.185,85.5,9.1,6.7,
Hernandez, Cesar,2017,.290,.414,.348,.370,.118,84.3,3.3,2.9,
Segura, Jean,2017,.283,.416,.327,.334,.127,87.4,6.6,3.2,
Freeman, Freddie,2017,.293,.596,.409,.391,.299,89.6,15.8,13.3,
LeMahieu, DJ,2017,.310,.412,.349,.375,.096,88.8,2.8,1.9,
Moreland, Mitch,2017,.272,.533,.374,.351,.257,89.1,11.5,12.0,
Moustakas, Mike,2017,.265,.492,.341,.311,.221,87.3,18.3,8.6,
Rizzo, Anthony,2017,.279,.517,.394,.399,.233,88.1,15.3,9.3,
Souza Jr., Steven,2017,.241,.453,.351,.353,.208,88.0,10.9,11.5,
Stanton, Giancarlo,2017,.276,.586,.401,.373,.306,91.9,11.1,17.4,
Thames, Eric,2017,.226,.453,.343,.341,.225,88.1,12.7,11.1,
Galvis, Freddy,2017,.257,.383,.305,.311,.120,85.1,14.0,2.4,
Garcia, Avisail,2017,.309,.525,.378,.361,.211,90.3,7.5,8.8,
Inciarte, Ender,2017,.268,.356,.297,.317,.080,81.2,8.6,0.5,
Ozuna, Marcell,2017,.287,.519,.372,.354,.228,90.7,10.1,9.3,
Beckham, Tim,2017,.265,.455,.334,.316,.186,87.8,8.4,9.5,
Crawford, Brandon,2017,.242,.407,.310,.301,.160,87.4,11.4,6.0,
Harrison, Josh,2017,.263,.407,.324,.331,.140,84.1,15.7,2.7,
Hosmer, Eric,2017,.298,.467,.364,.368,.164,89.7,3.8,7.0,
Rendon, Anthony,2017,.286,.494,.382,.393,.205,89.8,18.0,6.5,
Shaw, Travis,2017,.251,.442,.333,.330,.186,88.3,14.6,7.2,
Springer, George,2017,.298,.537,.393,.382,.235,89.3,9.4,9.3,
Gordon, Dee,2017,.276,.332,.287,.312,.048,79.3,0.2,0.2,
Gregorius, Didi,2017,.263,.388,.298,.297,.123,84.4,17.4,3.6,
Trout, Mike,2017,.297,.593,.430,.437,.294,88.8,18.0,13.3,
Herrera, Odubel,2017,.271,.420,.319,.317,.145,86.5,8.9,6.2,
Abreu, Jose,2017,.292,.526,.371,.344,.230,90.5,11.3,9.5,
Suarez, Eugenio,2017,.261,.444,.358,.369,.180,86.2,14.7,6.9,
Santana, Domingo,2017,.275,.479,.369,.369,.198,89.3,10.5,9.7,
Sanchez, Yolmer,2017,.245,.363,.292,.301,.112,83.8,9.3,3.4,
Schoop, Jonathan,2017,.272,.444,.336,.322,.167,87.7,12.9,6.8,
Arenado, Nolan,2017,.280,.529,.371,.350,.243,88.8,17.3,8.5,
Hamilton, Billy,2017,.237,.289,.261,.291,.044,78.6,8.3,0.4,
Joseph, Tommy,2017,.240,.408,.305,.290,.164,89.1,14.0,7.3,
Lamb, Jake,2017,.257,.469,.358,.368,.209,88.3,12.2,9.3,
Myers, Wil,2017,.238,.441,.333,.327,.200,89.1,15.3,9.1,
Seager, Kyle,2017,.263,.487,.353,.338,.221,87.8,20.2,8.6,
Carpenter, Matt,2017,.254,.485,.383,.396,.229,88.9,21.4,8.2,
Dickerson, Corey,2017,.263,.452,.324,.307,.184,87.2,13.8,7.5,
Dozier, Brian,2017,.252,.484,.354,.343,.227,87.5,16.5,8.4,
Bryant, Kris,2017,.268,.507,.386,.389,.234,87.1,16.9,9.6,
Castellanos, Nicholas,2017,.290,.546,.379,.339,.252,89.1,14.1,10.7,
Gamel, Ben,2017,.257,.386,.303,.307,.123,86.2,10.7,4.1,
Healy, Ryon,2017,.254,.453,.319,.288,.193,88.2,12.6,7.6,
Judge, Aaron,2017,.284,.651,.446,.424,.364,94.9,15.8,25.7,
Machado, Manny,2017,.287,.526,.371,.340,.235,90.9,13.4,10.5,
Realmuto, J.T.,2017,.284,.450,.341,.339,.162,88.2,9.9,6.3,
Rosario, Eddie,2017,.268,.482,.335,.309,.208,86.6,12.7,7.4,
Simmons, Andrelton,2017,.269,.388,.315,.325,.115,85.9,7.6,2.5,
Yelich, Christian,2017,.290,.460,.364,.378,.166,90.4,4.7,7.0,
Merrifield, Whit,2017,.289,.470,.341,.327,.177,87.0,15.8,5.1,
Bogaerts, Xander,2017,.260,.349,.305,.332,.085,87.3,8.2,1.3,
Polanco, Jorge,2017,.256,.379,.306,.315,.119,83.6,14.8,2.6,
Calhoun, Kole,2017,.247,.413,.330,.338,.160,88.2,12.1,5.4,
Duvall, Adam,2017,.229,.428,.308,.286,.197,87.3,21.2,8.9,
Schebler, Scott,2017,.264,.499,.356,.336,.229,88.8,11.3,10.2,
Baez, Javier,2017,.248,.437,.306,.294,.185,86.9,9.2,8.4,
Lindor, Francisco,2017,.291,.515,.372,.354,.221,88.3,13.6,7.2,
Odor, Rougned,2017,.234,.410,.296,.281,.173,88.4,15.2,6.0,
Story, Trevor,2017,.219,.409,.301,.291,.187,88.9,18.8,10.5,
Sanchez, Gary,2017,.292,.547,.389,.359,.251,90.8,13.2,11.8,
Kepler, Max,2017,.245,.378,.305,.315,.129,88.3,12.7,4.0,
Franco, Maikel,2017,.252,.409,.314,.305,.151,88.9,11.4,6.0,
Bradley Jr., Jackie,2017,.251,.422,.330,.331,.167,88.1,9.4,7.5,
Bell, Josh,2017,.265,.441,.340,.343,.171,87.7,8.6,6.7,
Betts, Mookie,2017,.279,.444,.348,.360,.161,88.4,14.1,4.5,
Panik, Joe,2017,.261,.384,.315,.328,.116,84.5,11.3,2.6,
Arcia, Orlando,2017,.253,.370,.292,.305,.111,85.3,6.2,4.1,
Peraza, Jose,2017,.297,.378,.314,.334,.076,81.9,9.9,1.7,
Pillar, Kevin,2017,.267,.400,.313,.312,.129,85.5,12.8,3.4,
Ramirez, Jose,2017,.302,.487,.363,.360,.182,88.0,14.8,5.0,
Bregman, Alex,2017,.285,.455,.352,.354,.167,87.4,16.2,4.7,
Gallo, Joey,2017,.222,.554,.378,.344,.331,93.1,22.7,22.1,
Seager, Corey,2017,.299,.522,.387,.380,.220,89.7,11.1,8.5,
Mazara, Nomar,2017,.249,.425,.322,.320,.172,89.0,11.3,6.5,
Swanson, Dansby,2017,.245,.345,.297,.328,.095,86.8,8.4,3.0,
Taylor, Chris,2017,.282,.463,.354,.349,.177,86.8,11.8,7.8,
Buxton, Byron,2017,.250,.399,.309,.311,.145,85.0,11.8,5.6,
Margot, Manuel,2017,.265,.378,.308,.318,.108,84.5,10.1,2.6,
Puig, Yasiel,2017,.275,.496,.366,.359,.216,88.4,10.6,9.4,
Anderson, Tim,2017,.249,.391,.286,.269,.136,85.0,7.1,5.1,
Bellinger, Cody,2017,.253,.535,.364,.341,.278,89.6,16.5,12.2,
Mancini, Trey,2017,.274,.493,.347,.322,.214,88.6,7.2,9.8,
Benintendi, Andrew,2017,.270,.441,.344,.353,.167,87.1,14.2,5.5,
Ortiz, David,2016,.310,.631,.428,.400,.318,92.9,16.7,15.3,
Beltre, Adrian,2016,.294,.516,.373,.354,.218,90.1,14.4,8.5,
Beltran, Carlos,2016,.270,.435,.325,.315,.162,90.0,12.7,6.8,
Werth, Jayson,2016,.252,.426,.341,.345,.171,91.3,14.9,7.7,
Martinez, Victor,2016,.286,.507,.365,.350,.217,90.0,15.7,8.4,
Utley, Chase,2016,.256,.384,.313,.323,.127,87.2,11.7,4.3,
Pujols, Albert,2016,.285,.530,.372,.342,.240,91.5,12.0,9.5,
Mauer, Joe,2016,.282,.447,.359,.381,.161,89.7,3.8,5.7,
Cabrera, Miguel,2016,.338,.680,.456,.414,.338,93.6,12.3,15.9,
Gonzalez, Adrian,2016,.273,.424,.331,.340,.147,88.0,9.4,4.6,
Phillips, Brandon,2016,.264,.377,.294,.296,.109,86.1,9.6,2.7,
Upton, B.J.,2016,.235,.398,.299,.289,.160,87.9,8.8,6.1,
Molina, Yadier,2016,.294,.432,.342,.349,.134,87.6,9.1,3.6,
Cano, Robinson,2016,.286,.488,.355,.340,.198,90.1,11.6,7.7,
Encarnacion, Edwin,2016,.266,.537,.383,.362,.268,90.8,15.7,12.3,
Bautista, Jose,2016,.258,.450,.370,.388,.190,91.6,14.8,9.0,
Jones, Adam,2016,.270,.471,.337,.317,.198,88.4,14.5,8.0,
Martin, Russell,2016,.225,.410,.328,.333,.182,89.0,9.7,9.3,
Granderson, Curtis,2016,.246,.433,.337,.344,.185,87.6,18.4,7.4,
Pagan, Angel,2016,.293,.396,.328,.346,.101,85.6,12.2,3.0,
Ramirez, Hanley,2016,.274,.479,.357,.351,.202,90.4,9.1,10.4,
Morales, Kendrys,2016,.289,.556,.391,.354,.263,92.7,11.4,10.8,
Kendrick, Howie,2016,.279,.425,.341,.350,.143,90.1,1.6,5.8,
Napoli, Mike,2016,.221,.470,.342,.321,.246,89.6,18.6,13.3,
Kinsler, Ian,2016,.268,.423,.330,.330,.153,87.0,18.3,4.0,
Desmond, Ian,2016,.268,.431,.327,.321,.161,90.5,4.7,7.5,
Cruz, Nelson,2016,.286,.595,.401,.361,.307,94.4,11.1,16.5,
Trumbo, Mark,2016,.275,.555,.376,.334,.279,92.7,14.7,15.8,
Escobar, Alcides,2016,.251,.326,.270,.283,.072,82.9,8.3,1.4,
Prado, Martin,2016,.298,.387,.328,.353,.085,87.9,8.9,1.3,
Longoria, Evan,2016,.272,.539,.362,.321,.265,90.7,18.3,11.9,
Cozart, Zack,2016,.240,.362,.291,.299,.118,86.1,15.2,2.3,
Davis, Chris,2016,.219,.489,.351,.332,.268,90.8,16.9,15.1,
Zobrist, Ben,2016,.281,.421,.362,.395,.137,88.2,8.6,4.5,
Fowler, Dexter,2016,.267,.415,.360,.386,.146,87.4,12.0,5.6,
Headley, Chase,2016,.242,.380,.312,.323,.134,87.1,11.7,5.9,
Span, Denard,2016,.288,.391,.329,.352,.099,84.7,5.4,2.8,
Cabrera, Asdrubal,2016,.257,.426,.323,.316,.167,88.2,14.5,5.7,
Ellsbury, Jacoby,2016,.268,.359,.310,.334,.089,86.5,10.4,1.7,
Tulowitzki, Troy,2016,.266,.492,.355,.331,.224,90.0,13.9,9.6,
Blackmon, Charlie,2016,.302,.485,.366,.363,.181,86.9,14.5,6.8,
Frazier, Todd,2016,.220,.427,.315,.299,.205,88.8,20.3,10.1,
Markakis, Nick,2016,.279,.420,.343,.360,.137,90.6,10.9,4.9,
Pedroia, Dustin,2016,.290,.406,.338,.353,.113,88.5,8.4,2.5,
Nunez, Eduardo,2016,.273,.403,.313,.314,.128,88.6,8.1,4.4,
McCutchen, Andrew,2016,.269,.465,.350,.349,.195,89.6,16.1,8.5,
Upton, Justin,2016,.252,.484,.342,.316,.230,91.3,15.6,12.5,
Turner, Justin,2016,.275,.483,.357,.342,.205,90.5,16.8,8.8,
Posey, Buster,2016,.293,.490,.368,.368,.194,90.5,9.8,7.1,
Espinosa, Danny,2016,.210,.379,.296,.307,.167,86.4,12.0,9.1,
Bruce, Jay,2016,.250,.469,.333,.311,.217,88.8,14.6,8.7,
Votto, Joey,2016,.304,.536,.404,.418,.229,89.6,11.6,9.7,
Gardner, Brett,2016,.258,.348,.318,.349,.086,85.4,6.3,2.4,
Saunders, Michael,2016,.239,.420,.325,.326,.180,89.6,10.7,8.3,
Braun, Ryan,2016,.291,.476,.358,.355,.181,89.9,4.3,8.4,
Gordon, Alex,2016,.232,.425,.327,.323,.191,87.8,15.4,8.7,
Kemp, Matt,2016,.265,.518,.347,.304,.250,88.2,14.4,11.1,
Andrus, Elvis,2016,.285,.387,.328,.349,.099,86.9,8.4,1.8,
Cabrera, Melky,2016,.281,.385,.317,.333,.102,89.2,10.9,2.1,
Ramos, Wilson,2016,.286,.493,.358,.337,.201,90.7,4.8,7.6,
Santana, Carlos,2016,.273,.512,.385,.379,.235,90.7,14.1,9.8,
Gonzalez, Carlos,2016,.280,.472,.346,.334,.189,90.1,8.6,8.8,
Mercer, Jordy,2016,.259,.362,.307,.332,.099,86.1,10.1,2.2,
Belt, Brandon,2016,.268,.495,.385,.390,.226,87.2,21.0,11.3,
Carter, Chris,2016,.236,.532,.368,.335,.294,91.7,18.5,17.6,
Alonso, Yonder,2016,.265,.410,.324,.328,.141,88.1,10.4,4.1,
Escobar, Yunel,2016,.282,.385,.323,.336,.098,88.8,1.3,2.8,
Cespedes, Yoenis,2016,.283,.526,.373,.359,.240,91.7,16.3,9.8,
Ramirez, Alexei,2016,.240,.300,.256,.276,.056,84.3,8.9,0.5,
Davis, Khris,2016,.257,.561,.370,.318,.302,91.7,12.9,17.0,
Martinez, J.D.,2016,.296,.569,.399,.368,.272,91.4,13.4,14.2,
Valencia, Danny,2016,.284,.470,.352,.344,.183,90.0,9.9,7.8,
Murphy, Daniel,2016,.328,.573,.406,.378,.242,90.6,16.8,8.5,
Goldschmidt, Paul,2016,.272,.458,.367,.392,.183,91.0,11.1,7.8,
Gonzalez, Marwin,2016,.243,.393,.294,.283,.146,86.2,6.5,5.4,
Altuve, Jose,2016,.324,.528,.391,.386,.201,87.5,10.9,6.9,
Hernandez, Cesar,2016,.285,.364,.327,.364,.073,84.2,2.3,1.8,
Segura, Jean,2016,.302,.481,.360,.353,.176,88.2,6.9,5.9,
Castro, Starlin,2016,.269,.423,.316,.301,.151,88.5,8.9,5.4,
Marte, Starling,2016,.288,.439,.338,.341,.147,86.6,8.4,5.4,
Donaldson, Josh,2016,.285,.561,.410,.405,.274,92.0,14.7,12.5,
Freeman, Freddie,2016,.286,.580,.405,.388,.292,91.3,17.3,13.7,
Heyward, Jason,2016,.263,.357,.311,.335,.092,86.7,10.6,2.7,
LeMahieu, DJ,2016,.343,.494,.397,.414,.148,90.4,4.8,4.9,
Lucroy, Jonathan,2016,.276,.473,.349,.342,.194,87.6,14.7,7.6,
Moreland, Mitch,2016,.252,.472,.337,.316,.217,90.5,14.7,9.6,
Rizzo, Anthony,2016,.268,.486,.365,.364,.216,89.0,16.4,9.2,
Vogt, Stephen,2016,.261,.414,.315,.314,.152,85.8,19.2,5.1,
Galvis, Freddy,2016,.239,.356,.273,.273,.114,85.6,12.4,3.0,
Perez, Salvador,2016,.238,.399,.293,.280,.158,88.8,19.1,6.3,
Forsythe, Logan,2016,.275,.483,.357,.344,.206,90.0,13.5,7.5,
Inciarte, Ender,2016,.268,.332,.296,.330,.061,84.5,7.0,0.7,
Ozuna, Marcell,2016,.278,.466,.344,.332,.185,90.7,10.8,7.8,
Villar, Jonathan,2016,.262,.396,.331,.350,.132,88.0,2.9,6.6,
Crawford, Brandon,2016,.256,.412,.322,.328,.154,88.3,12.1,5.6,
Harrison, Josh,2016,.261,.377,.291,.292,.113,85.2,11.5,2.1,
Hosmer, Eric,2016,.266,.451,.339,.331,.181,91.6,3.6,9.4,
Kipnis, Jason,2016,.272,.452,.348,.342,.177,89.1,13.9,6.7,
Miller, Brad,2016,.248,.440,.324,.310,.191,90.3,11.7,9.7,
Rendon, Anthony,2016,.276,.459,.355,.356,.181,90.8,16.9,5.9,
Semien, Marcus,2016,.230,.412,.305,.293,.179,87.8,15.1,6.7,
Shaw, Travis,2016,.233,.418,.308,.298,.183,88.5,16.1,8.0,
Springer, George,2016,.257,.461,.355,.355,.201,89.3,8.6,10.5,
Gregorius, Didi,2016,.251,.356,.278,.281,.102,85.0,13.5,2.9,
Trout, Mike,2016,.311,.575,.430,.439,.262,90.8,12.9,14.6,
Herrera, Odubel,2016,.258,.377,.315,.337,.116,86.9,9.3,4.2,
Harper, Bryce,2016,.258,.448,.356,.388,.187,88.6,14.6,7.5,
Martin, Leonys,2016,.233,.348,.288,.297,.112,85.6,11.0,5.3,
Abreu, Jose,2016,.286,.476,.355,.348,.187,89.7,10.3,8.1,
Suarez, Eugenio,2016,.235,.398,.310,.306,.160,86.6,15.7,6.5,
Polanco, Gregory,2016,.279,.449,.343,.345,.168,89.6,13.5,6.3,
Schoop, Jonathan,2016,.263,.416,.310,.296,.151,87.4,12.0,6.7,
Arenado, Nolan,2016,.264,.476,.347,.337,.209,89.4,18.7,9.0,
Gennett, Scooter,2016,.239,.350,.288,.296,.106,86.7,11.7,3.9,
Lamb, Jake,2016,.251,.480,.350,.336,.227,91.3,10.4,12.1,
Myers, Wil,2016,.257,.433,.337,.337,.174,88.6,10.2,7.0,
Piscotty, Stephen,2016,.270,.468,.351,.341,.195,88.1,13.4,8.6,
Seager, Kyle,2016,.293,.516,.380,.374,.220,90.1,16.5,9.2,
Carpenter, Matt,2016,.285,.541,.397,.393,.254,89.7,17.0,11.3,
Dickerson, Corey,2016,.233,.441,.307,.283,.206,89.0,17.9,11.1,
Dozier, Brian,2016,.239,.458,.330,.314,.218,87.5,18.4,8.3,
Iglesias, Jose,2016,.266,.325,.289,.318,.056,82.5,7.1,0.7,
Hechavarria, Adeiny,2016,.273,.359,.296,.318,.082,87.4,7.5,1.1,
Bryant, Kris,2016,.272,.550,.388,.368,.277,89.3,20.9,11.9,
Machado, Manny,2016,.295,.534,.375,.347,.236,90.3,14.7,9.5,
Realmuto, J.T.,2016,.278,.400,.317,.321,.119,88.6,9.8,4.1,
Yelich, Christian,2016,.310,.513,.391,.390,.198,92.4,2.5,9.7,
Bogaerts, Xander,2016,.264,.406,.324,.329,.140,88.8,11.3,5.3,
Calhoun, Kole,2016,.276,.457,.353,.354,.179,89.5,14.8,6.2,
Duvall, Adam,2016,.246,.490,.337,.302,.243,88.6,19.0,12.1,
Eaton, Adam,2016,.285,.408,.342,.363,.120,86.9,3.4,3.1,
Lindor, Francisco,2016,.293,.424,.340,.355,.129,88.4,7.7,4.1,
Odor, Rougned,2016,.262,.463,.323,.290,.198,88.3,13.1,7.8,
Cuthbert, Cheslor,2016,.239,.334,.276,.286,.093,89.2,12.3,2.4,
Franco, Maikel,2016,.264,.436,.325,.316,.169,89.6,11.9,7.1,
Bradley Jr., Jackie,2016,.253,.444,.340,.339,.189,90.1,10.1,8.6,
Betts, Mookie,2016,.289,.457,.345,.339,.165,89.7,12.5,5.3,
Panik, Joe,2016,.261,.403,.325,.337,.141,86.1,12.1,4.7,
Pillar, Kevin,2016,.266,.367,.295,.304,.099,86.2,10.4,3.0,
Ramirez, Jose,2016,.290,.418,.335,.345,.125,88.0,12.9,3.0,
Russell, Addison,2016,.241,.420,.322,.324,.177,87.2,15.2,9.3,
Seager, Corey,2016,.304,.519,.378,.363,.212,91.0,10.2,8.3,
Mazara, Nomar,2016,.261,.425,.326,.320,.161,88.0,8.4,6.8,
Garcia, Adonis,2016,.288,.429,.328,.326,.137,89.0,7.9,5.2,
Correa, Carlos,2016,.289,.481,.370,.374,.189,91.0,6.9,7.7,
Tomas, Yasmany,2016,.280,.494,.349,.321,.212,90.6,9.8,10.6,
Hunter, Torii,2015,.236,.375,.291,.290,.139,88.1,10.1,5.0,
Ortiz, David,2015,.303,.615,.416,.388,.312,92.9,15.6,13.1,
Rodriguez, Alex,2015,.249,.493,.363,.356,.243,91.3,12.1,10.9,
Ramirez, Aramis,2015,.249,.412,.307,.301,.162,87.4,15.8,5.6,
Beltre, Adrian,2015,.303,.491,.364,.353,.186,89.5,12.8,5.5,
Beltran, Carlos,2015,.281,.453,.347,.345,.171,90.6,15.4,5.8,
Rollins, Jimmy,2015,.232,.332,.279,.293,.100,84.5,14.8,2.5,
Pujols, Albert,2015,.271,.486,.347,.332,.213,90.6,13.8,7.9,
Byrd, Marlon,2015,.244,.434,.309,.288,.188,86.4,11.8,8.5,
Mauer, Joe,2015,.282,.430,.340,.356,.146,89.0,3.7,3.7,
Cabrera, Miguel,2015,.326,.596,.431,.431,.268,93.6,12.3,10.6,
Gonzalez, Adrian,2015,.282,.500,.365,.358,.217,88.6,14.0,8.1,
Phillips, Brandon,2015,.294,.390,.316,.328,.095,86.0,10.2,2.3,
Reyes, Jose,2015,.257,.310,.272,.296,.052,83.1,11.5,0.2,
Peralta, Jhonny,2015,.273,.431,.331,.334,.158,88.1,12.9,5.1,
Choo, Shin-Soo,2015,.261,.453,.359,.365,.191,90.4,7.3,8.7,
Molina, Yadier,2015,.252,.344,.281,.295,.088,86.3,10.0,2.3,
Fielder, Prince,2015,.280,.458,.349,.358,.177,90.8,9.8,6.4,
Cano, Robinson,2015,.296,.472,.352,.344,.175,91.0,5.6,7.1,
Encarnacion, Edwin,2015,.276,.540,.387,.374,.263,90.2,16.8,10.7,
Howard, Ryan,2015,.269,.515,.354,.315,.245,91.2,14.6,11.7,
Bautista, Jose,2015,.260,.509,.384,.386,.249,92.0,16.7,12.6,
Jones, Adam,2015,.285,.492,.347,.323,.206,87.9,11.2,9.2,
Aybar, Erick,2015,.292,.362,.303,.324,.069,83.1,4.1,0.9,
Martin, Russell,2015,.241,.417,.333,.334,.175,88.7,9.0,8.2,
Granderson, Curtis,2015,.265,.466,.363,.371,.200,89.3,18.1,8.3,
Pagan, Angel,2015,.265,.345,.291,.307,.077,86.3,11.1,0.9,
Morales, Kendrys,2015,.289,.504,.372,.362,.215,91.8,10.1,8.9,
Kinsler, Ian,2015,.280,.391,.315,.328,.111,85.6,17.4,2.9,
McCann, Brian,2015,.224,.389,.309,.314,.165,89.0,17.1,5.6,
Walker, Neil,2015,.255,.418,.317,.317,.163,88.7,13.8,4.8,
Desmond, Ian,2015,.236,.379,.295,.294,.142,89.6,5.1,7.1,
Cruz, Nelson,2015,.288,.540,.379,.358,.251,92.4,9.6,14.1,
Trumbo, Mark,2015,.258,.445,.324,.307,.186,91.9,13.0,9.8,
Peralta, David,2015,.287,.454,.353,.356,.165,91.3,5.9,7.7,
Escobar, Alcides,2015,.273,.337,.287,.309,.062,83.5,8.3,0.9,
Prado, Martin,2015,.290,.387,.323,.345,.096,88.9,8.8,2.3,
Duda, Lucas,2015,.255,.502,.368,.362,.245,91.7,19.7,11.6,
Longoria, Evan,2015,.261,.463,.336,.323,.201,89.6,15.4,8.5,
Davis, Chris,2015,.264,.590,.398,.364,.326,91.8,17.3,17.6,
Zobrist, Ben,2015,.273,.397,.331,.356,.123,88.5,8.2,3.8,
Fowler, Dexter,2015,.235,.350,.307,.333,.114,86.4,11.8,4.7,
Headley, Chase,2015,.266,.404,.325,.333,.137,86.6,11.8,5.1,
Lind, Adam,2015,.248,.421,.326,.337,.171,89.5,11.0,7.2,
Cabrera, Asdrubal,2015,.236,.392,.296,.291,.155,87.3,16.2,5.4,
Tulowitzki, Troy,2015,.259,.415,.316,.319,.156,89.8,12.6,5.3,
Blackmon, Charlie,2015,.270,.395,.319,.332,.125,85.5,13.5,3.9,
Frazier, Todd,2015,.259,.471,.335,.313,.211,89.2,18.4,9.2,
Markakis, Nick,2015,.273,.349,.310,.350,.075,88.3,6.8,0.8,
Butler, Billy,2015,.252,.443,.333,.325,.190,89.3,8.9,7.5,
Cain, Lorenzo,2015,.317,.483,.370,.372,.164,90.0,9.5,5.5,
McCutchen, Andrew,2015,.293,.526,.398,.407,.232,90.7,13.9,9.3,
Jackson, Austin,2015,.275,.389,.311,.319,.113,88.7,6.8,3.8,
Upton, Justin,2015,.246,.450,.339,.334,.203,90.0,16.1,10.8,
Maybin, Cameron,2015,.289,.381,.321,.347,.090,87.7,1.9,2.7,
Posey, Buster,2015,.310,.498,.374,.375,.187,89.0,10.9,6.3,
Bruce, Jay,2015,.248,.452,.326,.316,.203,89.6,15.0,8.6,
Votto, Joey,2015,.293,.544,.421,.444,.249,89.6,10.7,10.9,
Coghlan, Chris,2015,.248,.409,.326,.339,.159,87.9,10.4,5.7,
Gardner, Brett,2015,.268,.406,.336,.353,.135,86.8,8.9,4.5,
Braun, Ryan,2015,.294,.514,.379,.366,.218,92.1,7.5,10.7,
Moss, Brandon,2015,.245,.478,.343,.323,.232,89.0,19.4,12.0,
Kemp, Matt,2015,.271,.467,.340,.319,.195,89.5,11.8,8.3,
Plouffe, Trevor,2015,.256,.446,.331,.319,.190,89.4,13.1,7.9,
Andrus, Elvis,2015,.262,.344,.294,.315,.081,85.3,8.1,1.5,
Cervelli, Francisco,2015,.263,.397,.327,.342,.133,87.5,6.1,4.1,
Cabrera, Melky,2015,.283,.377,.311,.326,.093,89.4,9.5,2.4,
Sandoval, Pablo,2015,.231,.355,.280,.279,.122,88.0,9.5,4.8,
Ramos, Wilson,2015,.255,.420,.302,.284,.163,90.5,4.5,6.5,
Santana, Carlos,2015,.244,.407,.342,.371,.162,89.0,12.3,7.2,
Parra, Gerardo,2015,.283,.412,.320,.324,.128,86.9,8.2,3.2,
Gonzalez, Carlos,2015,.260,.470,.336,.318,.209,89.8,8.2,11.0,
Belt, Brandon,2015,.270,.497,.364,.349,.226,89.5,15.3,10.0,
Brantley, Michael,2015,.297,.428,.346,.369,.130,88.7,8.8,3.9,
Escobar, Yunel,2015,.296,.417,.344,.359,.119,89.5,3.9,3.4,
Morrison, Logan,2015,.263,.432,.334,.338,.168,89.1,10.6,6.9,
Cespedes, Yoenis,2015,.302,.547,.377,.342,.245,92.0,12.2,11.3,
Ramirez, Alexei,2015,.259,.336,.280,.298,.076,84.6,8.4,1.5,
Solarte, Yangervis,2015,.257,.368,.301,.309,.110,87.7,11.4,2.1,
Martinez, J.D.,2015,.279,.589,.388,.342,.310,91.2,16.0,17.6,
Reddick, Josh,2015,.284,.430,.337,.344,.146,88.4,14.7,5.0,
Murphy, Daniel,2015,.293,.466,.339,.335,.173,90.0,12.2,5.1,
Goldschmidt, Paul,2015,.287,.558,.400,.409,.271,92.0,13.0,12.5,
Altuve, Jose,2015,.273,.390,.305,.317,.116,85.8,10.5,3.1,
Segura, Jean,2015,.256,.330,.267,.279,.072,86.5,4.0,1.3,
Castro, Starlin,2015,.256,.379,.287,.288,.122,86.2,6.9,4.3,
Marte, Starling,2015,.292,.467,.350,.344,.172,86.4,4.7,6.9,
Donaldson, Josh,2015,.291,.552,.391,.368,.261,92.1,10.0,12.2,
Heyward, Jason,2015,.282,.391,.327,.351,.108,89.2,4.6,2.8,
LeMahieu, DJ,2015,.286,.391,.324,.344,.103,90.0,2.8,2.2,
Moreland, Mitch,2015,.278,.512,.361,.333,.232,91.4,11.5,10.7,
Moustakas, Mike,2015,.270,.444,.342,.336,.172,88.6,14.2,6.6,
Norris, Derek,2015,.227,.330,.273,.284,.102,87.1,14.1,2.3,
Revere, Ben,2015,.299,.355,.307,.336,.054,82.1,3.9,0.0,
Rizzo, Anthony,2015,.276,.497,.380,.387,.221,88.4,17.3,8.0,
Vogt, Stephen,2015,.252,.400,.322,.336,.148,86.9,16.1,5.6,
Galvis, Freddy,2015,.249,.342,.279,.290,.093,84.2,11.4,2.4,
Perez, Salvador,2015,.270,.413,.303,.291,.143,87.3,13.4,5.3,
Forsythe, Logan,2015,.255,.392,.322,.337,.136,88.2,15.1,3.4,
Flores, Wilmer,2015,.250,.357,.280,.285,.107,86.3,13.8,2.1,
Garcia, Avisail,2015,.274,.406,.320,.328,.130,88.5,6.3,4.8,
Inciarte, Ender,2015,.282,.350,.297,.320,.067,84.2,5.5,1.1,
Burns, Billy,2015,.250,.294,.263,.293,.043,82.2,7.0,0.5,
Crawford, Brandon,2015,.262,.483,.344,.327,.220,89.7,8.2,8.9,
Giavotella, Johnny,2015,.268,.341,.293,.317,.073,84.6,8.8,1.0,
Gose, Anthony,2015,.241,.321,.284,.309,.079,85.8,4.9,2.3,
Hosmer, Eric,2015,.303,.478,.366,.370,.175,89.0,5.5,7.3,
Kipnis, Jason,2015,.306,.445,.358,.376,.138,88.7,8.2,3.0,
Lawrie, Brett,2015,.257,.400,.302,.297,.141,89.6,7.1,4.7,
Semien, Marcus,2015,.252,.391,.306,.305,.138,87.0,13.4,4.5,
Gordon, Dee,2015,.285,.348,.291,.313,.062,81.5,-0.7,1.1,
Wong, Kolten,2015,.270,.377,.313,.331,.105,87.1,11.3,3.2,
Gregorius, Didi,2015,.259,.338,.292,.315,.079,84.8,10.4,1.6,
Trout, Mike,2015,.310,.594,.423,.415,.283,92.9,14.0,16.4,
Herrera, Odubel,2015,.264,.372,.304,.315,.107,87.0,5.9,3.2,
Harper, Bryce,2015,.297,.548,.417,.436,.250,91.2,14.5,13.2,
Abreu, Jose,2015,.275,.465,.341,.333,.187,90.9,10.1,9.7,
Polanco, Gregory,2015,.272,.400,.319,.334,.127,89.0,9.8,4.4,
Arenado, Nolan,2015,.272,.493,.338,.313,.220,90.6,16.3,8.7,
Holt, Brock,2015,.263,.337,.303,.335,.071,85.9,7.2,0.6,
Owings, Chris,2015,.240,.332,.267,.277,.091,84.9,11.8,2.6,
Pollock, A.J.,2015,.316,.467,.360,.370,.150,88.5,8.4,5.9,
Seager, Kyle,2015,.286,.471,.355,.348,.183,88.9,16.4,7.0,
Taylor, Michael A.,2015,.245,.390,.293,.298,.144,86.3,7.6,6.3,
Carpenter, Matt,2015,.285,.521,.384,.378,.236,88.6,17.0,9.4,
Dozier, Brian,2015,.230,.388,.302,.304,.158,86.9,18.7,5.9,
Bryant, Kris,2015,.243,.476,.353,.342,.233,89.6,19.4,11.5,
Castellanos, Nicholas,2015,.260,.439,.322,.308,.178,88.3,16.9,7.7,
Machado, Manny,2015,.279,.460,.354,.354,.180,90.3,12.1,7.6,
Pederson, Joc,2015,.221,.431,.345,.357,.209,90.5,13.5,11.8,
Simmons, Andrelton,2015,.284,.362,.310,.339,.076,85.8,2.9,1.0,
Yelich, Christian,2015,.311,.441,.356,.375,.128,91.4,0.0,4.8,
Bogaerts, Xander,2015,.291,.377,.311,.329,.085,87.6,6.6,2.5,
Calhoun, Kole,2015,.245,.416,.311,.300,.170,85.9,11.2,6.8,
Eaton, Adam,2015,.261,.359,.312,.339,.096,86.5,6.4,3.1,
Gattis, Evan,2015,.247,.415,.301,.288,.168,88.9,10.3,7.1,
Kiermaier, Kevin,2015,.283,.385,.308,.317,.101,86.7,8.3,2.4,
Betts, Mookie,2015,.290,.454,.342,.340,.164,89.9,15.0,5.9,
Peterson, Jace,2015,.254,.360,.304,.329,.105,85.1,7.8,3.3,
Pillar, Kevin,2015,.273,.362,.297,.311,.088,84.5,12.2,1.8,
Russell, Addison,2015,.213,.338,.272,.280,.123,85.9,14.2,5.2,
Duffy, Matt,2015,.298,.433,.336,.338,.134,87.9,7.1,4.2,
Pujols, Albert,2019,.253,.433,.319,.316,.175,88.3,12.4,6.0,
Cabrera, Miguel,2019,.273,.443,.332,.340,.167,90.3,12.2,6.4,
Choo, Shin-Soo,2019,.260,.469,.356,.368,.206,91.3,8.7,8.8,
Encarnacion, Edwin,2019,.242,.513,.360,.345,.270,90.0,22.5,12.6,
Jones, Adam,2019,.256,.428,.313,.311,.170,86.0,13.5,6.7,
Desmond, Ian,2019,.271,.474,.335,.325,.201,90.6,8.4,10.4,
Cruz, Nelson,2019,.296,.644,.419,.383,.346,93.7,13.1,19.9,
Longoria, Evan,2019,.274,.498,.352,.344,.221,89.7,14.0,7.5,
Fowler, Dexter,2019,.251,.421,.338,.357,.167,85.2,13.0,7.4,
Cabrera, Asdrubal,2019,.241,.413,.318,.329,.170,88.8,14.1,5.7,
Blackmon, Charlie,2019,.294,.520,.362,.348,.224,88.5,14.5,8.3,
Frazier, Todd,2019,.240,.413,.315,.319,.171,88.2,17.3,7.3,
Cain, Lorenzo,2019,.290,.412,.330,.353,.120,89.4,6.6,4.1,
Turner, Justin,2019,.288,.517,.378,.373,.228,90.2,17.6,7.8,
Votto, Joey,2019,.256,.442,.343,.355,.184,88.8,15.0,6.9,
Gardner, Brett,2019,.242,.372,.301,.319,.128,87.2,13.6,4.1,
Braun, Ryan,2019,.273,.479,.342,.333,.203,91.2,7.1,9.8,
Gordon, Alex,2019,.261,.430,.332,.343,.166,88.2,9.0,5.4,
Andrus, Elvis,2019,.271,.398,.307,.314,.125,88.2,7.1,3.5,
Ramos, Wilson,2019,.263,.402,.311,.329,.135,90.0,0.0,4.7,
Santana, Carlos,2019,.268,.485,.367,.386,.213,91.8,11.8,9.6,
Belt, Brandon,2019,.245,.457,.346,.352,.211,86.4,21.9,8.7,
Smoak, Justin,2019,.250,.495,.366,.377,.244,90.3,16.8,11.0,
Brantley, Michael,2019,.303,.490,.362,.367,.184,88.7,10.6,5.8,
Gurriel, Yuli,2019,.284,.422,.322,.332,.135,89.3,14.5,3.8,
Rojas, Miguel,2019,.275,.373,.303,.326,.095,87.1,8.8,2.6,
Escobar, Eduardo,2019,.258,.468,.327,.314,.209,87.8,18.3,7.0,
Davis, Khris,2019,.233,.442,.318,.306,.206,90.1,13.2,10.1,
Pham, Tommy,2019,.277,.462,.357,.373,.181,90.8,5.1,7.9,
Martinez, J.D.,2019,.309,.579,.400,.389,.268,91.3,12.5,12.0,
Reddick, Josh,2019,.277,.397,.313,.325,.118,86.0,15.6,3.4,
Murphy, Daniel,2019,.250,.371,.290,.302,.117,86.3,14.8,2.4,
Goldschmidt, Paul,2019,.262,.513,.361,.349,.250,90.1,15.3,11.3,
Altuve, Jose,2019,.282,.492,.350,.339,.208,86.1,8.8,8.1,
Hernandez, Cesar,2019,.273,.378,.303,.327,.102,85.7,9.3,2.7,
Segura, Jean,2019,.278,.406,.314,.322,.125,88.0,7.0,3.2,
Castro, Starlin,2019,.268,.432,.310,.301,.162,88.6,10.9,6.2,
Marte, Starling,2019,.304,.511,.361,.352,.204,87.4,7.4,8.2,
Donaldson, Josh,2019,.269,.536,.387,.388,.265,92.9,13.3,15.7,
Freeman, Freddie,2019,.292,.571,.394,.386,.277,89.7,14.5,12.5,
Grandal, Yasmani,2019,.240,.474,.363,.377,.231,90.3,13.9,11.3,
Heyward, Jason,2019,.269,.416,.333,.358,.144,88.6,11.1,5.9,
LeMahieu, DJ,2019,.322,.529,.379,.371,.203,91.7,6.7,7.5,
Moustakas, Mike,2019,.263,.505,.349,.337,.240,89.3,17.1,10.3,
Rizzo, Anthony,2019,.300,.497,.390,.413,.195,88.8,12.4,7.0,
Galvis, Freddy,2019,.238,.387,.280,.275,.147,88.2,14.2,5.5,
Garcia, Avisail,2019,.275,.494,.342,.327,.217,89.5,9.8,11.7,
Ozuna, Marcell,2019,.288,.548,.382,.370,.257,91.8,13.5,12.6,
Villar, Jonathan,2019,.249,.412,.313,.317,.160,87.7,7.0,6.8,
Santana, Danny,2019,.275,.496,.338,.317,.219,91.4,13.5,9.5,
Crawford, Brandon,2019,.241,.400,.306,.317,.155,87.5,8.4,5.4,
Cron, C.J.,2019,.277,.548,.366,.334,.270,91.0,12.7,15.0,
Grossman, Robbie,2019,.265,.383,.324,.357,.115,87.7,12.1,2.4,
Hosmer, Eric,2019,.259,.418,.308,.307,.156,90.5,2.1,7.2,
Kipnis, Jason,2019,.261,.418,.316,.323,.155,86.7,13.1,5.5,
McCann, James,2019,.256,.445,.321,.313,.187,89.9,10.7,9.2,
Rendon, Anthony,2019,.319,.599,.418,.415,.279,90.4,19.5,12.0,
Semien, Marcus,2019,.275,.495,.362,.362,.217,88.8,14.7,8.5,
Springer, George,2019,.287,.578,.398,.380,.288,89.8,10.3,14.3,
Vazquez, Christian,2019,.254,.447,.316,.303,.191,88.7,12.9,6.2,
Wong, Kolten,2019,.259,.368,.308,.339,.106,83.6,10.6,2.5,
Garcia, Leury,2019,.247,.352,.274,.280,.101,86.6,4.8,3.8,
Grichuk, Randal,2019,.237,.427,.301,.286,.188,89.3,16.2,8.5,
Trout, Mike,2019,.311,.669,.455,.456,.357,90.7,22.2,18.6,
Harper, Bryce,2019,.279,.548,.387,.389,.267,91.3,13.1,14.8,
Abreu, Jose,2019,.283,.520,.359,.336,.234,92.1,10.9,12.8,
Narvaez, Omar,2019,.254,.422,.324,.332,.165,85.4,17.8,5.3,
Suarez, Eugenio,2019,.248,.503,.355,.341,.253,89.4,17.8,14.0,
Santana, Domingo,2019,.257,.492,.347,.334,.233,89.0,11.7,12.5,
Urshela, Gio,2019,.294,.505,.353,.337,.209,90.5,13.6,7.0,
Sanchez, Yolmer,2019,.237,.320,.276,.305,.080,85.6,12.8,1.0,
Arenado, Nolan,2019,.272,.484,.344,.343,.208,89.4,17.7,8.0,
Muncy, Max,2019,.269,.522,.385,.390,.251,89.7,14.2,12.3,
Myers, Wil,2019,.241,.435,.323,.323,.193,88.9,11.1,11.2,
Voit, Luke,2019,.249,.494,.365,.367,.242,89.7,12.8,13.2,
Walker, Christian,2019,.263,.516,.362,.352,.250,91.1,14.8,13.1,
Carpenter, Matt,2019,.230,.427,.332,.340,.194,87.2,18.1,7.8,
Dozier, Brian,2019,.240,.432,.331,.343,.190,88.3,19.0,6.7,
Iglesias, Jose,2019,.272,.369,.289,.303,.093,84.0,7.0,2.5,
Bryant, Kris,2019,.246,.460,.347,.351,.212,87.4,19.3,9.3,
Canha, Mark,2019,.248,.469,.362,.376,.219,89.1,15.0,9.5,
Castellanos, Nicholas,2019,.283,.547,.364,.333,.262,89.0,13.9,11.2,
Machado, Manny,2019,.266,.466,.342,.345,.198,91.2,13.0,8.0,
Moran, Colin,2019,.262,.442,.316,.309,.178,88.2,12.3,7.4,
Pederson, Joc,2019,.254,.477,.347,.343,.221,90.9,15.3,10.3,
Realmuto, J.T.,2019,.278,.474,.342,.337,.192,90.3,14.4,8.7,
Renfroe, Hunter,2019,.218,.451,.311,.292,.230,89.9,19.1,12.0,
Rosario, Eddie,2019,.269,.501,.330,.297,.230,89.1,16.7,8.5,
Yelich, Christian,2019,.314,.623,.421,.418,.307,93.1,11.2,15.8,
Merrifield, Whit,2019,.288,.435,.325,.335,.145,86.4,15.3,4.3,
Bogaerts, Xander,2019,.280,.484,.358,.360,.202,90.6,13.1,8.6,
Alberto, Hanser,2019,.290,.397,.303,.315,.105,82.8,10.7,2.9,
Polanco, Jorge,2019,.279,.469,.344,.345,.188,87.0,17.9,6.7,
Calhoun, Kole,2019,.247,.477,.340,.339,.228,89.3,14.7,11.2,
Eaton, Adam,2019,.277,.423,.340,.363,.144,86.6,13.2,3.8,
Kiermaier, Kevin,2019,.246,.393,.292,.295,.144,88.9,6.7,5.5,
Profar, Jurickson,2019,.251,.426,.323,.332,.172,86.7,14.2,6.2,
Baez, Javier,2019,.270,.503,.334,.305,.231,91.0,7.6,12.7,
Lindor, Francisco,2019,.276,.462,.330,.330,.183,90.6,11.9,7.5,
Odor, Rougned,2019,.229,.468,.322,.304,.239,89.4,16.2,13.6,
Story, Trevor,2019,.264,.463,.339,.337,.198,90.9,17.3,8.6,
Vogelbach, Daniel,2019,.228,.445,.346,.359,.216,88.9,17.2,10.8,
Kepler, Max,2019,.262,.458,.342,.346,.195,89.7,18.2,8.9,
Choi, Ji-Man,2019,.263,.496,.366,.368,.230,91.1,12.6,11.3,
Bradley Jr., Jackie,2019,.242,.435,.327,.334,.191,89.7,8.7,9.9,
Nunez, Renato,2019,.252,.469,.331,.319,.216,89.9,20.0,10.7,
Ahmed, Nick,2019,.257,.422,.318,.323,.163,87.5,7.5,6.6,
Anderson, Brian,2019,.259,.461,.343,.343,.198,89.9,11.1,8.9,
Bell, Josh,2019,.283,.556,.381,.374,.271,92.3,13.0,12.7,
Betts, Mookie,2019,.311,.573,.408,.408,.260,91.0,19.1,10.3,
Panik, Joe,2019,.251,.373,.304,.323,.118,86.3,12.3,2.0,
Smith, Mallex,2019,.219,.297,.265,.293,.074,84.3,7.2,2.2,
Arcia, Orlando,2019,.232,.367,.284,.295,.131,87.5,6.3,4.6,
Marte, Ketel,2019,.299,.521,.370,.362,.219,89.8,11.5,9.3,
Turner, Trea,2019,.282,.454,.336,.340,.169,90.3,9.7,6.8,
Pillar, Kevin,2019,.263,.407,.295,.294,.142,86.0,13.9,4.9,
Ramirez, Jose,2019,.274,.465,.342,.347,.190,89.1,19.8,6.3,
Bregman, Alex,2019,.272,.471,.378,.407,.198,89.3,19.6,5.4,
Seager, Corey,2019,.261,.464,.332,.326,.199,88.8,14.1,7.3,
Reyes, Franmil,2019,.264,.539,.360,.328,.273,93.3,9.5,14.8,
Swanson, Dansby,2019,.271,.480,.347,.346,.206,89.8,14.2,10.1,
Newman, Kevin,2019,.291,.389,.312,.337,.095,84.7,8.1,2.1,
Olson, Matt,2019,.276,.576,.386,.360,.296,91.9,18.3,14.5,
Alonso, Pete,2019,.257,.542,.374,.358,.284,90.6,14.8,15.8,
Conforto, Michael,2019,.262,.504,.367,.370,.240,88.8,15.7,11.9,
Frazier, Adam,2019,.275,.399,.315,.334,.121,86.3,12.1,1.9,
Puig, Yasiel,2019,.266,.464,.334,.327,.196,89.9,14.2,9.6,
Soler, Jorge,2019,.277,.593,.392,.365,.314,92.6,15.4,16.9,
Meadows, Austin,2019,.284,.547,.372,.358,.261,90.4,16.7,12.5,
Mercado, Oscar,2019,.262,.403,.308,.313,.139,86.5,13.4,4.1,
Anderson, Tim,2019,.294,.461,.328,.318,.164,88.3,8.7,5.1,
Bellinger, Cody,2019,.323,.638,.429,.423,.314,90.7,17.6,13.0,
Dozier, Hunter,2019,.261,.471,.337,.333,.208,91.1,16.7,10.0,
Mancini, Trey,2019,.283,.511,.364,.359,.224,90.3,7.8,10.3,
McMahon, Ryan,2019,.245,.429,.322,.325,.182,91.4,8.4,9.0,
Rosario, Amed,2019,.291,.423,.320,.328,.130,89.2,8.8,4.2,
Adames, Willy,2019,.249,.433,.315,.312,.182,87.8,10.0,8.4,
Benintendi, Andrew,2019,.267,.461,.340,.344,.192,88.6,17.3,8.1,
McNeil, Jeff,2019,.290,.472,.355,.360,.178,88.4,13.2,4.8,
Albies, Ozzie,2019,.291,.490,.351,.348,.197,88.8,15.6,6.6,
Robles, Victor,2019,.233,.370,.292,.307,.134,81.0,14.5,4.8,
Devers, Rafael,2019,.295,.519,.360,.347,.223,92.1,10.3,9.0,
Jimenez, Eloy,2019,.268,.521,.349,.318,.251,91.2,9.3,12.8,
Torres, Gleyber,2019,.262,.497,.341,.324,.233,89.0,17.4,10.1,
Chapman, Matt,2019,.255,.505,.360,.347,.248,92.6,16.3,12.3,
Hoskins, Rhys,2019,.221,.426,.342,.363,.203,89.7,24.0,9.7,
Schwarber, Kyle,2019,.267,.553,.375,.356,.284,92.7,15.0,14.5,
DeJong, Paul,2019,.237,.439,.325,.323,.201,87.0,18.5,8.6,
Laureano, Ramon,2019,.274,.487,.342,.330,.211,89.5,14.8,9.7,
Moncada, Yoan,2019,.291,.524,.362,.346,.231,92.8,12.0,12.2,
Acuna Jr., Ronald,2019,.279,.572,.386,.365,.290,90.6,14.2,15.0,
Fletcher, David,2019,.302,.380,.323,.361,.076,83.7,9.8,0.4,
Kingery, Scott,2019,.247,.435,.314,.306,.187,88.2,17.5,8.0,
Guerrero Jr., Vladimir,2019,.263,.437,.330,.332,.170,89.4,6.7,7.7,
Soto, Juan,2019,.285,.576,.407,.404,.288,91.3,12.0,12.3,
Reynolds, Bryan,2019,.296,.476,.357,.363,.179,89.6,9.4,6.7,
Martinez, Victor,2018,.267,.414,.314,.315,.143,87.8,14.0,4.7,
Mauer, Joe,2018,.293,.446,.351,.361,.149,90.7,4.5,5.0,
Choo, Shin-Soo,2018,.251,.464,.361,.366,.210,89.0,6.1,11.1,
Molina, Yadier,2018,.269,.440,.333,.324,.166,88.1,15.4,5.5,
Encarnacion, Edwin,2018,.249,.492,.362,.343,.239,89.9,18.1,11.7,
Jones, Adam,2018,.271,.411,.311,.304,.138,88.0,13.0,4.9,
Kinsler, Ian,2018,.248,.369,.299,.309,.118,85.3,17.8,3.1,
Desmond, Ian,2018,.232,.389,.304,.304,.153,89.9,0.0,7.0,
Cruz, Nelson,2018,.277,.555,.389,.361,.275,93.9,12.8,13.8,
Peralta, David,2018,.279,.473,.350,.340,.191,91.5,6.7,7.8,
Escobar, Alcides,2018,.241,.329,.275,.291,.085,83.1,9.5,2.1,
Jay, Jon,2018,.260,.343,.298,.324,.079,84.1,3.2,1.8,
Longoria, Evan,2018,.249,.425,.308,.289,.172,88.5,13.6,7.6,
Davis, Chris,2018,.189,.357,.272,.264,.166,89.0,14.7,10.3,
Zobrist, Ben,2018,.280,.396,.336,.359,.113,89.4,8.5,3.0,
Cabrera, Asdrubal,2018,.255,.438,.323,.310,.180,89.6,14.3,7.2,
Blackmon, Charlie,2018,.282,.446,.347,.351,.161,87.2,11.8,6.5,
Markakis, Nick,2018,.294,.429,.345,.367,.132,90.6,10.1,3.1,
Nunez, Eduardo,2018,.271,.360,.289,.299,.086,88.2,9.2,3.4,
Cain, Lorenzo,2018,.289,.392,.342,.379,.100,89.1,4.9,3.4,
McCutchen, Andrew,2018,.263,.446,.361,.376,.181,90.1,13.4,8.4,
Upton, Justin,2018,.256,.472,.358,.347,.213,90.7,11.8,14.0,
Votto, Joey,2018,.290,.481,.395,.424,.189,88.1,13.3,6.7,
Gardner, Brett,2018,.234,.340,.296,.321,.102,87.3,8.4,2.8,
Gordon, Alex,2018,.258,.435,.334,.336,.174,88.5,10.9,6.8,
Kemp, Matt,2018,.278,.528,.362,.329,.248,89.6,15.8,11.3,
Santana, Carlos,2018,.245,.420,.346,.367,.172,88.8,15.1,7.2,
Gonzalez, Carlos,2018,.252,.391,.303,.308,.137,89.4,8.9,6.2,
Alonso, Yonder,2018,.252,.447,.331,.320,.191,87.7,15.6,10.1,
Smoak, Justin,2018,.222,.436,.335,.334,.211,89.5,14.9,10.8,
Lowrie, Jed,2018,.251,.420,.333,.340,.166,89.0,17.2,5.3,
Brantley, Michael,2018,.307,.457,.360,.365,.145,89.9,9.5,3.7,
Gurriel, Yuli,2018,.264,.366,.293,.301,.099,89.3,11.5,1.9,
Solarte, Yangervis,2018,.254,.394,.304,.304,.135,87.0,13.9,4.5,
Rojas, Miguel,2018,.263,.349,.289,.308,.082,84.1,8.9,0.9,
Escobar, Eduardo,2018,.249,.429,.321,.317,.177,86.5,18.8,8.3,
Martinez, Jose,2018,.309,.521,.384,.369,.209,90.7,8.0,9.4,
Davis, Khris,2018,.248,.567,.376,.329,.317,92.5,18.1,17.2,
Pham, Tommy,2018,.292,.508,.382,.381,.213,92.8,6.7,10.1,
Martinez, J.D.,2018,.312,.621,.421,.388,.306,93.0,10.7,16.0,
Goldschmidt, Paul,2018,.272,.534,.384,.374,.259,90.8,15.7,13.6,
Gonzalez, Marwin,2018,.243,.411,.318,.320,.167,87.4,10.0,6.8,
Altuve, Jose,2018,.296,.459,.358,.368,.159,86.3,9.5,5.9,
Hernandez, Cesar,2018,.252,.361,.321,.356,.105,84.2,9.4,4.2,
Segura, Jean,2018,.283,.401,.315,.323,.114,87.0,7.4,3.6,
Castro, Starlin,2018,.262,.407,.314,.316,.142,88.5,8.4,6.9,
Marte, Starling,2018,.279,.467,.342,.329,.184,87.5,8.2,7.5,
Dietrich, Derek,2018,.238,.383,.303,.306,.143,87.4,15.7,6.1,
Freeman, Freddie,2018,.295,.533,.387,.378,.235,89.1,14.5,9.3,
Grandal, Yasmani,2018,.222,.446,.338,.334,.220,88.9,14.0,11.9,
LeMahieu, DJ,2018,.282,.424,.327,.328,.140,91.1,5.7,5.2,
Moustakas, Mike,2018,.262,.465,.338,.326,.200,89.3,19.6,8.8,
Rizzo, Anthony,2018,.291,.469,.366,.385,.175,89.9,14.4,6.5,
Stanton, Giancarlo,2018,.247,.473,.344,.330,.224,93.7,11.6,15.1,
Galvis, Freddy,2018,.227,.350,.278,.283,.120,87.5,13.2,3.9,
Perez, Salvador,2018,.260,.480,.334,.299,.218,91.2,18.0,10.8,
Inciarte, Ender,2018,.254,.340,.294,.318,.081,83.6,10.0,1.5,
Ozuna, Marcell,2018,.291,.499,.359,.338,.206,91.5,10.8,9.7,
Villar, Jonathan,2018,.231,.358,.291,.300,.123,87.2,2.7,5.1,
Aguilar, Jesus,2018,.255,.493,.358,.340,.236,89.8,16.2,11.4,
Crawford, Brandon,2018,.260,.384,.311,.334,.122,87.3,11.1,3.6,
Cron, C.J.,2018,.251,.486,.347,.322,.231,88.0,15.2,12.2,
Hicks, Aaron,2018,.266,.466,.372,.384,.197,88.9,12.5,8.8,
Hosmer, Eric,2018,.251,.392,.310,.322,.136,88.8,-1.2,6.4,
Kipnis, Jason,2018,.237,.395,.315,.323,.154,86.1,17.0,6.6,
Rendon, Anthony,2018,.307,.548,.389,.373,.238,90.6,17.7,10.3,
Semien, Marcus,2018,.245,.380,.304,.311,.132,86.6,15.3,4.5,
Shaw, Travis,2018,.242,.459,.347,.348,.214,88.4,16.6,10.3,
Springer, George,2018,.255,.458,.345,.338,.200,88.6,9.5,8.9,
Gordon, Dee,2018,.277,.333,.278,.298,.050,80.6,3.5,0.2,
Gregorius, Didi,2018,.262,.402,.319,.331,.137,86.5,15.6,4.7,
Trout, Mike,2018,.295,.597,.432,.447,.300,91.2,18.6,16.5,
Herrera, Odubel,2018,.235,.358,.285,.292,.120,86.3,12.3,4.9,
Harper, Bryce,2018,.260,.511,.388,.403,.248,90.6,13.9,11.5,
Abreu, Jose,2018,.281,.496,.358,.344,.213,91.3,12.2,9.1,
Suarez, Eugenio,2018,.277,.517,.375,.363,.236,91.2,14.7,9.7,
Polanco, Gregory,2018,.248,.448,.342,.339,.197,88.6,19.9,9.4,
Sanchez, Yolmer,2018,.240,.346,.289,.304,.104,85.6,8.5,3.0,
Arenado, Nolan,2018,.267,.474,.353,.351,.204,89.7,15.3,7.4,
Barnhart, Tucker,2018,.239,.354,.301,.321,.110,85.9,11.7,3.5,
Gennett, Scooter,2018,.259,.406,.312,.312,.144,86.7,13.3,5.8,
Hamilton, Billy,2018,.230,.273,.260,.296,.039,79.3,14.3,0.5,
Haniger, Mitch,2018,.281,.501,.371,.365,.218,90.2,12.7,10.3,
Piscotty, Stephen,2018,.266,.488,.354,.331,.219,88.5,13.1,9.6,
Seager, Kyle,2018,.247,.416,.308,.297,.167,89.7,18.4,5.6,
Carpenter, Matt,2018,.271,.546,.392,.388,.273,89.6,20.4,13.7,
Dickerson, Corey,2018,.287,.454,.332,.321,.164,87.8,14.8,6.1,
Dozier, Brian,2018,.210,.353,.292,.302,.140,86.7,17.8,6.3,
Contreras, Willson,2018,.233,.370,.310,.326,.133,87.0,6.8,7.3,
Castellanos, Nicholas,2018,.301,.530,.377,.357,.228,89.6,15.2,11.2,
Healy, Ryon,2018,.259,.440,.320,.301,.178,89.4,12.1,7.1,
Machado, Manny,2018,.289,.517,.372,.362,.225,91.6,14.4,11.3,
Realmuto, J.T.,2018,.278,.478,.354,.343,.198,88.9,14.4,9.0,
Rosario, Eddie,2018,.247,.428,.303,.285,.178,87.3,17.4,8.3,
Simmons, Andrelton,2018,.288,.403,.324,.336,.112,87.8,7.7,4.1,
Yelich, Christian,2018,.327,.572,.418,.406,.241,92.3,4.7,12.9,
Merrifield, Whit,2018,.280,.426,.341,.349,.144,86.5,16.6,4.6,
Bogaerts, Xander,2018,.283,.498,.367,.358,.212,90.5,12.7,9.8,
Calhoun, Kole,2018,.251,.451,.333,.323,.198,90.4,12.0,9.3,
Profar, Jurickson,2018,.257,.397,.325,.339,.137,87.3,12.3,5.0,
Baez, Javier,2018,.279,.509,.349,.317,.227,89.6,9.2,12.6,
Lindor, Francisco,2018,.292,.515,.375,.365,.221,90.2,14.5,9.5,
Odor, Rougned,2018,.247,.410,.319,.322,.160,87.8,11.7,7.1,
Story, Trevor,2018,.263,.508,.353,.323,.242,90.8,15.7,12.7,
Kepler, Max,2018,.234,.404,.322,.329,.168,89.5,16.2,6.6,
Bradley Jr., Jackie,2018,.265,.463,.346,.341,.197,91.9,12.0,10.3,
Candelario, Jeimer,2018,.203,.345,.289,.299,.139,87.1,15.3,6.0,
Ahmed, Nick,2018,.239,.371,.290,.294,.128,86.5,11.3,5.1,
Anderson, Brian,2018,.261,.409,.334,.347,.145,90.2,8.7,5.8,
Bell, Josh,2018,.260,.420,.340,.356,.156,90.0,9.2,7.0,
Betts, Mookie,2018,.314,.610,.433,.414,.295,92.2,18.3,14.1,
Smith, Mallex,2018,.270,.352,.311,.343,.077,84.0,2.6,1.5,
Hernandez, Teoscar,2018,.235,.498,.340,.300,.260,91.8,17.0,15.5,
Peraza, Jose,2018,.284,.387,.309,.323,.099,83.9,13.4,2.5,
Marte, Ketel,2018,.261,.396,.320,.333,.132,88.5,5.7,5.0,
Nimmo, Brandon,2018,.241,.398,.352,.386,.152,89.5,10.5,6.5,
Turner, Trea,2018,.282,.421,.337,.354,.135,87.8,8.3,5.8,
Pillar, Kevin,2018,.280,.432,.320,.310,.150,87.1,16.5,5.7,
Ramirez, Jose,2018,.266,.474,.366,.384,.206,88.9,18.8,8.5,
Bregman, Alex,2018,.271,.468,.371,.382,.195,89.2,16.9,7.6,
Gallo, Joey,2018,.232,.539,.369,.334,.306,93.9,21.6,22.5,
Mazara, Nomar,2018,.269,.452,.339,.329,.180,90.5,5.3,8.5,
Andujar, Miguel,2018,.281,.444,.326,.314,.161,89.2,12.3,6.3,
Swanson, Dansby,2018,.229,.359,.278,.296,.127,86.8,12.9,4.1,
Taylor, Chris,2018,.247,.417,.327,.328,.168,88.6,16.4,8.6,
Wendle, Joey,2018,.263,.372,.306,.325,.107,88.4,10.3,2.7,
Olson, Matt,2018,.250,.492,.355,.338,.240,93.1,17.8,12.2,
Duffy, Matt,2018,.277,.358,.314,.346,.077,86.6,4.6,1.2,
Margot, Manuel,2018,.255,.371,.294,.305,.113,88.7,11.4,3.3,
Camargo, Johan,2018,.240,.379,.310,.324,.136,88.0,12.5,5.0,
Conforto, Michael,2018,.243,.429,.339,.350,.183,87.9,11.9,9.5,
Anderson, Tim,2018,.227,.361,.274,.270,.131,85.6,10.5,4.7,
Bellinger, Cody,2018,.242,.433,.328,.329,.189,89.7,16.1,8.6,
Mancini, Trey,2018,.257,.443,.332,.317,.182,89.9,5.4,11.8,
Rosario, Amed,2018,.260,.370,.291,.300,.106,87.3,7.2,3.9,
Benintendi, Andrew,2018,.286,.457,.357,.363,.168,88.4,12.6,6.4,
Albies, Ozzie,2018,.251,.403,.303,.296,.149,86.3,15.5,4.7,
Chapman, Matt,2018,.260,.433,.339,.340,.171,93.0,14.7,8.9,
Hoskins, Rhys,2018,.235,.463,.352,.348,.225,88.9,22.4,11.4,
Schwarber, Kyle,2018,.247,.473,.350,.363,.224,90.0,11.5,12.7,
Moncada, Yoan,2018,.219,.389,.302,.301,.168,90.6,15.1,9.6,